,path,size,shape
0,c:\Users\march\000 Treball Ju`yter 000\Hackathons\imag_recognition\output\new_images\baseball ball\Image_1.jpg,54683,"(615, 615, 3)"
1,c:\Users\march\000 Treball Ju`yter 000\Hackathons\imag_recognition\output\new_images\baseball ball\Image_10.jpg,78553,"(820, 564, 3)"
2,c:\Users\march\000 Treball Ju`yter 000\Hackathons\imag_recognition\output\new_images\baseball ball\Image_11.jpg,78477,"(960, 657, 3)"
3,c:\Users\march\000 Treball Ju`yter 000\Hackathons\imag_recognition\output\new_images\baseball ball\Image_12.jpg,108105,"(677, 508, 3)"
4,c:\Users\march\000 Treball Ju`yter 000\Hackathons\imag_recognition\output\new_images\baseball ball\Image_13.jpg,356894,"(1639, 1815, 3)"
5,c:\Users\march\000 Treball Ju`yter 000\Hackathons\imag_recognition\output\new_images\baseball ball\Image_14.jpg,138749,"(630, 1200, 3)"
6,c:\Users\march\000 Treball Ju`yter 000\Hackathons\imag_recognition\output\new_images\baseball ball\Image_15.jpg,173206,"(1300, 1240, 3)"
7,c:\Users\march\000 Treball Ju`yter 000\Hackathons\imag_recognition\output\new_images\baseball ball\Image_16.jpg,40197,"(188, 250, 3)"
8,c:\Users\march\000 Treball Ju`yter 000\Hackathons\imag_recognition\output\new_images\baseball ball\Image_17.jpg,13454,"(301, 300, 3)"
9,c:\Users\march\000 Treball Ju`yter 000\Hackathons\imag_recognition\output\new_images\baseball ball\Image_18.jpg,164010,"(509, 512, 3)"
10,c:\Users\march\000 Treball Ju`yter 000\Hackathons\imag_recognition\output\new_images\baseball ball\Image_2.jpg,64588,"(736, 736, 3)"
11,c:\Users\march\000 Treball Ju`yter 000\Hackathons\imag_recognition\output\new_images\baseball ball\Image_20.jpg,243448,"(813, 1280, 3)"
12,c:\Users\march\000 Treball Ju`yter 000\Hackathons\imag_recognition\output\new_images\baseball ball\Image_22.jpg,1102409,"(2608, 2608, 3)"
13,c:\Users\march\000 Treball Ju`yter 000\Hackathons\imag_recognition\output\new_images\baseball ball\Image_23.jpg,87865,"(800, 1417, 3)"
14,c:\Users\march\000 Treball Ju`yter 000\Hackathons\imag_recognition\output\new_images\baseball ball\Image_26.jpg,119205,"(600, 894, 3)"
15,c:\Users\march\000 Treball Ju`yter 000\Hackathons\imag_recognition\output\new_images\baseball ball\Image_28.jpg,309011,"(1080, 1920, 3)"
16,c:\Users\march\000 Treball Ju`yter 000\Hackathons\imag_recognition\output\new_images\baseball ball\Image_29.jpg,44818,"(275, 490, 3)"
17,c:\Users\march\000 Treball Ju`yter 000\Hackathons\imag_recognition\output\new_images\baseball ball\Image_3.jpg,262068,"(2000, 3008, 3)"
18,c:\Users\march\000 Treball Ju`yter 000\Hackathons\imag_recognition\output\new_images\baseball ball\Image_30.jpg,108873,"(480, 640, 3)"
19,c:\Users\march\000 Treball Ju`yter 000\Hackathons\imag_recognition\output\new_images\baseball ball\Image_32.jpg,375910,"(1200, 1600, 3)"
20,c:\Users\march\000 Treball Ju`yter 000\Hackathons\imag_recognition\output\new_images\baseball ball\Image_33.jpg,3520751,"(3181, 2121, 3)"
21,c:\Users\march\000 Treball Ju`yter 000\Hackathons\imag_recognition\output\new_images\baseball ball\Image_34.jpg,82868,"(1280, 1280, 3)"
22,c:\Users\march\000 Treball Ju`yter 000\Hackathons\imag_recognition\output\new_images\baseball ball\Image_36.jpg,40255,"(480, 485, 3)"
23,c:\Users\march\000 Treball Ju`yter 000\Hackathons\imag_recognition\output\new_images\baseball ball\Image_37.jpg,76729,"(683, 1024, 3)"
24,c:\Users\march\000 Treball Ju`yter 000\Hackathons\imag_recognition\output\new_images\baseball ball\Image_38.jpg,16266,"(163, 217, 3)"
25,c:\Users\march\000 Treball Ju`yter 000\Hackathons\imag_recognition\output\new_images\baseball ball\Image_39.jpg,18047,"(173, 260, 3)"
26,c:\Users\march\000 Treball Ju`yter 000\Hackathons\imag_recognition\output\new_images\baseball ball\Image_4.jpg,9612,"(360, 480, 3)"
27,c:\Users\march\000 Treball Ju`yter 000\Hackathons\imag_recognition\output\new_images\baseball ball\Image_40.jpg,463884,"(800, 809, 3)"
28,c:\Users\march\000 Treball Ju`yter 000\Hackathons\imag_recognition\output\new_images\baseball ball\Image_42.jpg,509218,"(800, 748, 3)"
29,c:\Users\march\000 Treball Ju`yter 000\Hackathons\imag_recognition\output\new_images\baseball ball\Image_43.jpg,38153,"(333, 500, 3)"
30,c:\Users\march\000 Treball Ju`yter 000\Hackathons\imag_recognition\output\new_images\baseball ball\Image_44.jpg,295183,"(959, 1200, 3)"
31,c:\Users\march\000 Treball Ju`yter 000\Hackathons\imag_recognition\output\new_images\baseball ball\Image_45.jpg,82416,"(981, 736, 3)"
32,c:\Users\march\000 Treball Ju`yter 000\Hackathons\imag_recognition\output\new_images\baseball ball\Image_46.jpg,57134,"(750, 500, 3)"
33,c:\Users\march\000 Treball Ju`yter 000\Hackathons\imag_recognition\output\new_images\baseball ball\Image_47.jpg,272095,"(1541, 1125, 3)"
34,c:\Users\march\000 Treball Ju`yter 000\Hackathons\imag_recognition\output\new_images\baseball ball\Image_48.jpg,32851,"(629, 400, 3)"
35,c:\Users\march\000 Treball Ju`yter 000\Hackathons\imag_recognition\output\new_images\baseball ball\Image_49.jpg,256212,"(800, 485, 3)"
36,c:\Users\march\000 Treball Ju`yter 000\Hackathons\imag_recognition\output\new_images\baseball ball\Image_5.jpg,30528,"(617, 1019, 3)"
37,c:\Users\march\000 Treball Ju`yter 000\Hackathons\imag_recognition\output\new_images\baseball ball\Image_50.jpg,147488,"(1000, 750, 3)"
38,c:\Users\march\000 Treball Ju`yter 000\Hackathons\imag_recognition\output\new_images\baseball ball\Image_6.jpg,251079,"(825, 500, 3)"
39,c:\Users\march\000 Treball Ju`yter 000\Hackathons\imag_recognition\output\new_images\baseball ball\Image_7.jpg,185418,"(800, 1200, 3)"
40,c:\Users\march\000 Treball Ju`yter 000\Hackathons\imag_recognition\output\new_images\baseball ball\Image_8.jpg,40832,"(981, 736, 3)"
41,c:\Users\march\000 Treball Ju`yter 000\Hackathons\imag_recognition\output\new_images\baseball ball\Image_9.jpg,49315,"(1000, 1000, 3)"
42,c:\Users\march\000 Treball Ju`yter 000\Hackathons\imag_recognition\output\new_images\baseball field\Image_1.jpg,228930,"(562, 1000, 3)"
43,c:\Users\march\000 Treball Ju`yter 000\Hackathons\imag_recognition\output\new_images\baseball field\Image_10.jpg,349946,"(1050, 1400, 3)"
44,c:\Users\march\000 Treball Ju`yter 000\Hackathons\imag_recognition\output\new_images\baseball field\Image_11.jpg,250424,"(550, 550, 3)"
45,c:\Users\march\000 Treball Ju`yter 000\Hackathons\imag_recognition\output\new_images\baseball field\Image_12.jpg,78263,"(411, 545, 3)"
46,c:\Users\march\000 Treball Ju`yter 000\Hackathons\imag_recognition\output\new_images\baseball field\Image_13.jpg,221275,"(508, 1024, 3)"
47,c:\Users\march\000 Treball Ju`yter 000\Hackathons\imag_recognition\output\new_images\baseball field\Image_15.jpg,302806,"(1024, 614, 3)"
48,c:\Users\march\000 Treball Ju`yter 000\Hackathons\imag_recognition\output\new_images\baseball field\Image_16.jpg,222906,"(1100, 1100, 3)"
49,c:\Users\march\000 Treball Ju`yter 000\Hackathons\imag_recognition\output\new_images\baseball field\Image_17.jpg,326265,"(900, 1600, 3)"
50,c:\Users\march\000 Treball Ju`yter 000\Hackathons\imag_recognition\output\new_images\baseball field\Image_19.jpg,38451,"(221, 434, 3)"
51,c:\Users\march\000 Treball Ju`yter 000\Hackathons\imag_recognition\output\new_images\baseball field\Image_2.jpg,212509,"(702, 1100, 3)"
52,c:\Users\march\000 Treball Ju`yter 000\Hackathons\imag_recognition\output\new_images\baseball field\Image_20.jpg,147444,"(768, 1024, 3)"
53,c:\Users\march\000 Treball Ju`yter 000\Hackathons\imag_recognition\output\new_images\baseball field\Image_21.jpg,21189,"(211, 460, 3)"
54,c:\Users\march\000 Treball Ju`yter 000\Hackathons\imag_recognition\output\new_images\baseball field\Image_22.jpg,30528,"(617, 1019, 3)"
55,c:\Users\march\000 Treball Ju`yter 000\Hackathons\imag_recognition\output\new_images\baseball field\Image_24.jpg,52049,"(555, 919, 3)"
56,c:\Users\march\000 Treball Ju`yter 000\Hackathons\imag_recognition\output\new_images\baseball field\Image_25.jpg,719308,"(1440, 1920, 3)"
57,c:\Users\march\000 Treball Ju`yter 000\Hackathons\imag_recognition\output\new_images\baseball field\Image_27.jpg,1367636,"(2778, 4168, 3)"
58,c:\Users\march\000 Treball Ju`yter 000\Hackathons\imag_recognition\output\new_images\baseball field\Image_28.jpg,1067918,"(1118, 1614, 3)"
59,c:\Users\march\000 Treball Ju`yter 000\Hackathons\imag_recognition\output\new_images\baseball field\Image_29.jpg,80684,"(533, 800, 3)"
60,c:\Users\march\000 Treball Ju`yter 000\Hackathons\imag_recognition\output\new_images\baseball field\Image_3.jpg,489325,"(682, 1000, 3)"
61,c:\Users\march\000 Treball Ju`yter 000\Hackathons\imag_recognition\output\new_images\baseball field\Image_30.jpg,255279,"(1200, 1200, 3)"
62,c:\Users\march\000 Treball Ju`yter 000\Hackathons\imag_recognition\output\new_images\baseball field\Image_32.jpg,59603,"(669, 500, 3)"
63,c:\Users\march\000 Treball Ju`yter 000\Hackathons\imag_recognition\output\new_images\baseball field\Image_33.jpg,154441,"(1024, 684, 3)"
64,c:\Users\march\000 Treball Ju`yter 000\Hackathons\imag_recognition\output\new_images\baseball field\Image_34.jpg,306880,"(1050, 700, 3)"
65,c:\Users\march\000 Treball Ju`yter 000\Hackathons\imag_recognition\output\new_images\baseball field\Image_35.jpg,195173,"(669, 1000, 3)"
66,c:\Users\march\000 Treball Ju`yter 000\Hackathons\imag_recognition\output\new_images\baseball field\Image_36.jpg,158337,"(419, 700, 3)"
67,c:\Users\march\000 Treball Ju`yter 000\Hackathons\imag_recognition\output\new_images\baseball field\Image_37.jpg,403070,"(900, 1600, 3)"
68,c:\Users\march\000 Treball Ju`yter 000\Hackathons\imag_recognition\output\new_images\baseball field\Image_38.jpg,165972,"(720, 1280, 3)"
69,c:\Users\march\000 Treball Ju`yter 000\Hackathons\imag_recognition\output\new_images\baseball field\Image_39.jpg,184651,"(655, 1024, 3)"
70,c:\Users\march\000 Treball Ju`yter 000\Hackathons\imag_recognition\output\new_images\baseball field\Image_4.jpg,45984,"(520, 380, 3)"
71,c:\Users\march\000 Treball Ju`yter 000\Hackathons\imag_recognition\output\new_images\baseball field\Image_40.jpg,977150,"(700, 1000, 3)"
72,c:\Users\march\000 Treball Ju`yter 000\Hackathons\imag_recognition\output\new_images\baseball field\Image_41.jpg,90744,"(768, 935, 3)"
73,c:\Users\march\000 Treball Ju`yter 000\Hackathons\imag_recognition\output\new_images\baseball field\Image_42.jpg,1122948,"(1440, 2560, 3)"
74,c:\Users\march\000 Treball Ju`yter 000\Hackathons\imag_recognition\output\new_images\baseball field\Image_43.jpg,134896,"(1136, 638, 3)"
75,c:\Users\march\000 Treball Ju`yter 000\Hackathons\imag_recognition\output\new_images\baseball field\Image_44.jpg,455760,"(462, 1229, 3)"
76,c:\Users\march\000 Treball Ju`yter 000\Hackathons\imag_recognition\output\new_images\baseball field\Image_46.jpg,673239,"(556, 900, 3)"
77,c:\Users\march\000 Treball Ju`yter 000\Hackathons\imag_recognition\output\new_images\baseball field\Image_47.jpg,58121,"(346, 461, 3)"
78,c:\Users\march\000 Treball Ju`yter 000\Hackathons\imag_recognition\output\new_images\baseball field\Image_48.jpg,259057,"(702, 1100, 3)"
79,c:\Users\march\000 Treball Ju`yter 000\Hackathons\imag_recognition\output\new_images\baseball field\Image_49.jpg,109646,"(960, 636, 3)"
80,c:\Users\march\000 Treball Ju`yter 000\Hackathons\imag_recognition\output\new_images\baseball field\Image_5.jpg,1915637,"(2160, 3840, 3)"
81,c:\Users\march\000 Treball Ju`yter 000\Hackathons\imag_recognition\output\new_images\baseball field\Image_50.jpg,121341,"(771, 1024, 3)"
82,c:\Users\march\000 Treball Ju`yter 000\Hackathons\imag_recognition\output\new_images\baseball field\Image_6.jpg,26344,"(338, 507, 3)"
83,c:\Users\march\000 Treball Ju`yter 000\Hackathons\imag_recognition\output\new_images\baseball field\Image_7.jpg,125349,"(362, 640, 3)"
84,c:\Users\march\000 Treball Ju`yter 000\Hackathons\imag_recognition\output\new_images\baseball field\Image_9.jpg,59509,"(300, 550, 3)"
85,c:\Users\march\000 Treball Ju`yter 000\Hackathons\imag_recognition\output\new_images\baseball match\Image_1.jpg,392531,"(899, 1600, 3)"
86,c:\Users\march\000 Treball Ju`yter 000\Hackathons\imag_recognition\output\new_images\baseball match\Image_10.jpg,70449,"(480, 480, 3)"
87,c:\Users\march\000 Treball Ju`yter 000\Hackathons\imag_recognition\output\new_images\baseball match\Image_11.jpg,92156,"(533, 800, 3)"
88,c:\Users\march\000 Treball Ju`yter 000\Hackathons\imag_recognition\output\new_images\baseball match\Image_12.jpg,217478,"(1213, 1820, 3)"
89,c:\Users\march\000 Treball Ju`yter 000\Hackathons\imag_recognition\output\new_images\baseball match\Image_13.jpg,46395,"(575, 1024, 3)"
90,c:\Users\march\000 Treball Ju`yter 000\Hackathons\imag_recognition\output\new_images\baseball match\Image_14.jpg,376055,"(741, 1200, 3)"
91,c:\Users\march\000 Treball Ju`yter 000\Hackathons\imag_recognition\output\new_images\baseball match\Image_16.jpg,114002,"(600, 900, 3)"
92,c:\Users\march\000 Treball Ju`yter 000\Hackathons\imag_recognition\output\new_images\baseball match\Image_17.jpg,75637,"(510, 907, 3)"
93,c:\Users\march\000 Treball Ju`yter 000\Hackathons\imag_recognition\output\new_images\baseball match\Image_19.jpg,87702,"(494, 640, 3)"
94,c:\Users\march\000 Treball Ju`yter 000\Hackathons\imag_recognition\output\new_images\baseball match\Image_2.jpg,40716,"(720, 1280, 3)"
95,c:\Users\march\000 Treball Ju`yter 000\Hackathons\imag_recognition\output\new_images\baseball match\Image_20.jpg,1684517,"(2336, 3504, 3)"
96,c:\Users\march\000 Treball Ju`yter 000\Hackathons\imag_recognition\output\new_images\baseball match\Image_22.jpg,1820984,"(1421, 2048, 3)"
97,c:\Users\march\000 Treball Ju`yter 000\Hackathons\imag_recognition\output\new_images\baseball match\Image_23.jpg,115253,"(421, 633, 3)"
98,c:\Users\march\000 Treball Ju`yter 000\Hackathons\imag_recognition\output\new_images\baseball match\Image_25.jpg,76455,"(750, 533, 3)"
99,c:\Users\march\000 Treball Ju`yter 000\Hackathons\imag_recognition\output\new_images\baseball match\Image_26.jpg,279752,"(1754, 1200, 3)"
100,c:\Users\march\000 Treball Ju`yter 000\Hackathons\imag_recognition\output\new_images\baseball match\Image_27.jpg,37934,"(270, 480, 3)"
101,c:\Users\march\000 Treball Ju`yter 000\Hackathons\imag_recognition\output\new_images\baseball match\Image_28.jpg,36355,"(500, 800, 3)"
102,c:\Users\march\000 Treball Ju`yter 000\Hackathons\imag_recognition\output\new_images\baseball match\Image_29.jpg,265219,"(1200, 2000, 3)"
103,c:\Users\march\000 Treball Ju`yter 000\Hackathons\imag_recognition\output\new_images\baseball match\Image_3.jpg,3087735,"(1461, 2598, 3)"
104,c:\Users\march\000 Treball Ju`yter 000\Hackathons\imag_recognition\output\new_images\baseball match\Image_30.jpg,127139,"(777, 960, 3)"
105,c:\Users\march\000 Treball Ju`yter 000\Hackathons\imag_recognition\output\new_images\baseball match\Image_31.jpg,55751,"(442, 770, 3)"
106,c:\Users\march\000 Treball Ju`yter 000\Hackathons\imag_recognition\output\new_images\baseball match\Image_32.jpg,111837,"(683, 1024, 3)"
107,c:\Users\march\000 Treball Ju`yter 000\Hackathons\imag_recognition\output\new_images\baseball match\Image_33.jpg,561420,"(666, 1000, 3)"
108,c:\Users\march\000 Treball Ju`yter 000\Hackathons\imag_recognition\output\new_images\baseball match\Image_34.jpg,53710,"(410, 728, 3)"
109,c:\Users\march\000 Treball Ju`yter 000\Hackathons\imag_recognition\output\new_images\baseball match\Image_35.jpg,30368,"(357, 600, 3)"
110,c:\Users\march\000 Treball Ju`yter 000\Hackathons\imag_recognition\output\new_images\baseball match\Image_36.jpg,705564,"(654, 982, 3)"
111,c:\Users\march\000 Treball Ju`yter 000\Hackathons\imag_recognition\output\new_images\baseball match\Image_37.jpg,40815,"(512, 340, 3)"
112,c:\Users\march\000 Treball Ju`yter 000\Hackathons\imag_recognition\output\new_images\baseball match\Image_39.jpg,1601248,"(1593, 1132, 3)"
113,c:\Users\march\000 Treball Ju`yter 000\Hackathons\imag_recognition\output\new_images\baseball match\Image_4.jpg,330959,"(966, 1280, 3)"
114,c:\Users\march\000 Treball Ju`yter 000\Hackathons\imag_recognition\output\new_images\baseball match\Image_42.jpg,691590,"(2560, 1707, 3)"
115,c:\Users\march\000 Treball Ju`yter 000\Hackathons\imag_recognition\output\new_images\baseball match\Image_43.jpg,332123,"(744, 1200, 3)"
116,c:\Users\march\000 Treball Ju`yter 000\Hackathons\imag_recognition\output\new_images\baseball match\Image_46.jpg,82585,"(720, 1280, 3)"
117,c:\Users\march\000 Treball Ju`yter 000\Hackathons\imag_recognition\output\new_images\baseball match\Image_48.jpg,263546,"(1080, 1920, 3)"
118,c:\Users\march\000 Treball Ju`yter 000\Hackathons\imag_recognition\output\new_images\baseball match\Image_49.jpg,84293,"(693, 462, 3)"
119,c:\Users\march\000 Treball Ju`yter 000\Hackathons\imag_recognition\output\new_images\baseball match\Image_5.jpg,13578,"(190, 300, 3)"
120,c:\Users\march\000 Treball Ju`yter 000\Hackathons\imag_recognition\output\new_images\baseball match\Image_50.jpg,45631,"(305, 400, 3)"
121,c:\Users\march\000 Treball Ju`yter 000\Hackathons\imag_recognition\output\new_images\baseball match\Image_6.jpg,70770,"(476, 700, 3)"
122,c:\Users\march\000 Treball Ju`yter 000\Hackathons\imag_recognition\output\new_images\baseball match\Image_7.jpg,197686,"(1398, 657, 3)"
123,c:\Users\march\000 Treball Ju`yter 000\Hackathons\imag_recognition\output\new_images\baseball match\Image_8.jpg,28342,"(371, 594, 3)"
124,c:\Users\march\000 Treball Ju`yter 000\Hackathons\imag_recognition\output\new_images\baseball match\Image_9.jpg,64953,"(899, 599, 3)"
125,c:\Users\march\000 Treball Ju`yter 000\Hackathons\imag_recognition\output\new_images\baseball player\Image_1.jpg,84572,"(990, 1280, 3)"
126,c:\Users\march\000 Treball Ju`yter 000\Hackathons\imag_recognition\output\new_images\baseball player\Image_10.jpg,441974,"(1920, 1368, 3)"
127,c:\Users\march\000 Treball Ju`yter 000\Hackathons\imag_recognition\output\new_images\baseball player\Image_11.jpg,39381,"(594, 396, 3)"
128,c:\Users\march\000 Treball Ju`yter 000\Hackathons\imag_recognition\output\new_images\baseball player\Image_13.jpg,75892,"(250, 300, 3)"
129,c:\Users\march\000 Treball Ju`yter 000\Hackathons\imag_recognition\output\new_images\baseball player\Image_15.jpg,59199,"(862, 620, 3)"
130,c:\Users\march\000 Treball Ju`yter 000\Hackathons\imag_recognition\output\new_images\baseball player\Image_17.jpg,169719,"(1300, 837, 3)"
131,c:\Users\march\000 Treball Ju`yter 000\Hackathons\imag_recognition\output\new_images\baseball player\Image_18.jpg,56123,"(230, 467, 3)"
132,c:\Users\march\000 Treball Ju`yter 000\Hackathons\imag_recognition\output\new_images\baseball player\Image_19.jpg,26303,"(320, 226, 3)"
133,c:\Users\march\000 Treball Ju`yter 000\Hackathons\imag_recognition\output\new_images\baseball player\Image_2.jpg,30177,"(256, 192, 3)"
134,c:\Users\march\000 Treball Ju`yter 000\Hackathons\imag_recognition\output\new_images\baseball player\Image_20.jpg,43236,"(616, 364, 3)"
135,c:\Users\march\000 Treball Ju`yter 000\Hackathons\imag_recognition\output\new_images\baseball player\Image_21.jpg,84558,"(830, 600, 3)"
136,c:\Users\march\000 Treball Ju`yter 000\Hackathons\imag_recognition\output\new_images\baseball player\Image_22.jpg,142748,"(1105, 736, 3)"
137,c:\Users\march\000 Treball Ju`yter 000\Hackathons\imag_recognition\output\new_images\baseball player\Image_23.jpg,5215138,"(2848, 4272, 3)"
138,c:\Users\march\000 Treball Ju`yter 000\Hackathons\imag_recognition\output\new_images\baseball player\Image_24.jpg,31214,"(638, 456, 3)"
139,c:\Users\march\000 Treball Ju`yter 000\Hackathons\imag_recognition\output\new_images\baseball player\Image_25.jpg,190442,"(1725, 1280, 3)"
140,c:\Users\march\000 Treball Ju`yter 000\Hackathons\imag_recognition\output\new_images\baseball player\Image_27.jpg,2622510,"(3504, 2336, 3)"
141,c:\Users\march\000 Treball Ju`yter 000\Hackathons\imag_recognition\output\new_images\baseball player\Image_28.jpg,88944,"(900, 600, 3)"
142,c:\Users\march\000 Treball Ju`yter 000\Hackathons\imag_recognition\output\new_images\baseball player\Image_3.jpg,235885,"(1800, 1200, 3)"
143,c:\Users\march\000 Treball Ju`yter 000\Hackathons\imag_recognition\output\new_images\baseball player\Image_30.jpg,43306,"(400, 297, 3)"
144,c:\Users\march\000 Treball Ju`yter 000\Hackathons\imag_recognition\output\new_images\baseball player\Image_31.jpg,256179,"(2016, 1280, 3)"
145,c:\Users\march\000 Treball Ju`yter 000\Hackathons\imag_recognition\output\new_images\baseball player\Image_32.jpg,10706329,"(5184, 3456, 3)"
146,c:\Users\march\000 Treball Ju`yter 000\Hackathons\imag_recognition\output\new_images\baseball player\Image_33.jpg,343397,"(2141, 3000, 3)"
147,c:\Users\march\000 Treball Ju`yter 000\Hackathons\imag_recognition\output\new_images\baseball player\Image_34.jpg,1378673,"(3158, 4085, 3)"
148,c:\Users\march\000 Treball Ju`yter 000\Hackathons\imag_recognition\output\new_images\baseball player\Image_35.jpg,112673,"(1297, 821, 3)"
149,c:\Users\march\000 Treball Ju`yter 000\Hackathons\imag_recognition\output\new_images\baseball player\Image_37.jpg,176970,"(630, 1200, 3)"
150,c:\Users\march\000 Treball Ju`yter 000\Hackathons\imag_recognition\output\new_images\baseball player\Image_38.jpg,37051,"(413, 620, 3)"
151,c:\Users\march\000 Treball Ju`yter 000\Hackathons\imag_recognition\output\new_images\baseball player\Image_39.jpg,35560,"(225, 400, 3)"
152,c:\Users\march\000 Treball Ju`yter 000\Hackathons\imag_recognition\output\new_images\baseball player\Image_4.jpg,38847,"(512, 368, 3)"
153,c:\Users\march\000 Treball Ju`yter 000\Hackathons\imag_recognition\output\new_images\baseball player\Image_40.jpg,117607,"(1023, 681, 3)"
154,c:\Users\march\000 Treball Ju`yter 000\Hackathons\imag_recognition\output\new_images\baseball player\Image_41.jpg,204641,"(2176, 4000, 3)"
155,c:\Users\march\000 Treball Ju`yter 000\Hackathons\imag_recognition\output\new_images\baseball player\Image_42.jpg,110707,"(675, 1028, 3)"
156,c:\Users\march\000 Treball Ju`yter 000\Hackathons\imag_recognition\output\new_images\baseball player\Image_43.jpg,1740724,"(3435, 5150, 3)"
157,c:\Users\march\000 Treball Ju`yter 000\Hackathons\imag_recognition\output\new_images\baseball player\Image_44.jpg,59483,"(700, 467, 3)"
158,c:\Users\march\000 Treball Ju`yter 000\Hackathons\imag_recognition\output\new_images\baseball player\Image_45.jpg,263217,"(1632, 1224, 3)"
159,c:\Users\march\000 Treball Ju`yter 000\Hackathons\imag_recognition\output\new_images\baseball player\Image_46.jpg,22795,"(1136, 640, 3)"
160,c:\Users\march\000 Treball Ju`yter 000\Hackathons\imag_recognition\output\new_images\baseball player\Image_48.jpg,52600,"(988, 656, 3)"
161,c:\Users\march\000 Treball Ju`yter 000\Hackathons\imag_recognition\output\new_images\baseball player\Image_49.jpg,1458511,"(2159, 2509, 3)"
162,c:\Users\march\000 Treball Ju`yter 000\Hackathons\imag_recognition\output\new_images\baseball player\Image_5.jpg,139149,"(662, 580, 3)"
163,c:\Users\march\000 Treball Ju`yter 000\Hackathons\imag_recognition\output\new_images\baseball player\Image_50.jpg,123745,"(1296, 736, 3)"
164,c:\Users\march\000 Treball Ju`yter 000\Hackathons\imag_recognition\output\new_images\baseball player\Image_6.jpg,15157,"(800, 533, 3)"
165,c:\Users\march\000 Treball Ju`yter 000\Hackathons\imag_recognition\output\new_images\baseball player\Image_7.jpg,77641,"(710, 736, 3)"
166,c:\Users\march\000 Treball Ju`yter 000\Hackathons\imag_recognition\output\new_images\baseball player\Image_8.jpg,130222,"(1024, 729, 3)"
167,c:\Users\march\000 Treball Ju`yter 000\Hackathons\imag_recognition\output\new_images\baseball player\Image_9.jpg,316503,"(1772, 1280, 3)"
168,c:\Users\march\000 Treball Ju`yter 000\Hackathons\imag_recognition\output\new_images\baseball stick glove\Image_1.jpg,219127,"(1400, 1400, 3)"
169,c:\Users\march\000 Treball Ju`yter 000\Hackathons\imag_recognition\output\new_images\baseball stick glove\Image_10.jpg,292399,"(1280, 1280, 3)"
170,c:\Users\march\000 Treball Ju`yter 000\Hackathons\imag_recognition\output\new_images\baseball stick glove\Image_12.jpg,130875,"(493, 740, 3)"
171,c:\Users\march\000 Treball Ju`yter 000\Hackathons\imag_recognition\output\new_images\baseball stick glove\Image_14.jpg,95244,"(1050, 750, 3)"
172,c:\Users\march\000 Treball Ju`yter 000\Hackathons\imag_recognition\output\new_images\baseball stick glove\Image_17.jpg,194084,"(548, 600, 3)"
173,c:\Users\march\000 Treball Ju`yter 000\Hackathons\imag_recognition\output\new_images\baseball stick glove\Image_18.jpg,225530,"(1282, 1500, 3)"
174,c:\Users\march\000 Treball Ju`yter 000\Hackathons\imag_recognition\output\new_images\baseball stick glove\Image_2.jpg,204198,"(1400, 1400, 3)"
175,c:\Users\march\000 Treball Ju`yter 000\Hackathons\imag_recognition\output\new_images\baseball stick glove\Image_20.jpg,18837,"(300, 300, 3)"
176,c:\Users\march\000 Treball Ju`yter 000\Hackathons\imag_recognition\output\new_images\baseball stick glove\Image_21.jpg,296261,"(368, 654, 3)"
177,c:\Users\march\000 Treball Ju`yter 000\Hackathons\imag_recognition\output\new_images\baseball stick glove\Image_22.jpg,103497,"(820, 1300, 3)"
178,c:\Users\march\000 Treball Ju`yter 000\Hackathons\imag_recognition\output\new_images\baseball stick glove\Image_23.jpg,36736,"(240, 320, 3)"
179,c:\Users\march\000 Treball Ju`yter 000\Hackathons\imag_recognition\output\new_images\baseball stick glove\Image_24.jpg,28795,"(359, 359, 3)"
180,c:\Users\march\000 Treball Ju`yter 000\Hackathons\imag_recognition\output\new_images\baseball stick glove\Image_25.jpg,16916,"(360, 480, 3)"
181,c:\Users\march\000 Treball Ju`yter 000\Hackathons\imag_recognition\output\new_images\baseball stick glove\Image_26.jpg,141068,"(2034, 1140, 3)"
182,c:\Users\march\000 Treball Ju`yter 000\Hackathons\imag_recognition\output\new_images\baseball stick glove\Image_27.jpg,73935,"(1024, 1024, 3)"
183,c:\Users\march\000 Treball Ju`yter 000\Hackathons\imag_recognition\output\new_images\baseball stick glove\Image_28.jpg,509615,"(686, 1000, 3)"
184,c:\Users\march\000 Treball Ju`yter 000\Hackathons\imag_recognition\output\new_images\baseball stick glove\Image_29.jpg,617380,"(667, 1000, 3)"
185,c:\Users\march\000 Treball Ju`yter 000\Hackathons\imag_recognition\output\new_images\baseball stick glove\Image_3.jpg,221724,"(1400, 1400, 3)"
186,c:\Users\march\000 Treball Ju`yter 000\Hackathons\imag_recognition\output\new_images\baseball stick glove\Image_30.jpg,136156,"(297, 600, 3)"
187,c:\Users\march\000 Treball Ju`yter 000\Hackathons\imag_recognition\output\new_images\baseball stick glove\Image_31.jpg,43811,"(300, 300, 3)"
188,c:\Users\march\000 Treball Ju`yter 000\Hackathons\imag_recognition\output\new_images\baseball stick glove\Image_32.jpg,32133,"(500, 500, 3)"
189,c:\Users\march\000 Treball Ju`yter 000\Hackathons\imag_recognition\output\new_images\baseball stick glove\Image_33.jpg,219959,"(1400, 1400, 3)"
190,c:\Users\march\000 Treball Ju`yter 000\Hackathons\imag_recognition\output\new_images\baseball stick glove\Image_34.jpg,105315,"(1000, 843, 3)"
191,c:\Users\march\000 Treball Ju`yter 000\Hackathons\imag_recognition\output\new_images\baseball stick glove\Image_35.jpg,148589,"(600, 789, 3)"
192,c:\Users\march\000 Treball Ju`yter 000\Hackathons\imag_recognition\output\new_images\baseball stick glove\Image_36.jpg,228011,"(1154, 2000, 3)"
193,c:\Users\march\000 Treball Ju`yter 000\Hackathons\imag_recognition\output\new_images\baseball stick glove\Image_37.jpg,115676,"(768, 1024, 3)"
194,c:\Users\march\000 Treball Ju`yter 000\Hackathons\imag_recognition\output\new_images\baseball stick glove\Image_39.jpg,60365,"(600, 600, 3)"
195,c:\Users\march\000 Treball Ju`yter 000\Hackathons\imag_recognition\output\new_images\baseball stick glove\Image_4.jpg,35613,"(683, 1024, 3)"
196,c:\Users\march\000 Treball Ju`yter 000\Hackathons\imag_recognition\output\new_images\baseball stick glove\Image_40.jpg,55673,"(1000, 1000, 3)"
197,c:\Users\march\000 Treball Ju`yter 000\Hackathons\imag_recognition\output\new_images\baseball stick glove\Image_41.jpg,296843,"(458, 898, 3)"
198,c:\Users\march\000 Treball Ju`yter 000\Hackathons\imag_recognition\output\new_images\baseball stick glove\Image_42.jpg,135992,"(320, 700, 3)"
199,c:\Users\march\000 Treball Ju`yter 000\Hackathons\imag_recognition\output\new_images\baseball stick glove\Image_43.jpg,128844,"(310, 600, 3)"
200,c:\Users\march\000 Treball Ju`yter 000\Hackathons\imag_recognition\output\new_images\baseball stick glove\Image_44.jpg,251728,"(558, 1000, 3)"
201,c:\Users\march\000 Treball Ju`yter 000\Hackathons\imag_recognition\output\new_images\baseball stick glove\Image_45.jpg,704975,"(979, 1200, 3)"
202,c:\Users\march\000 Treball Ju`yter 000\Hackathons\imag_recognition\output\new_images\baseball stick glove\Image_48.jpg,16351,"(409, 474, 3)"
203,c:\Users\march\000 Treball Ju`yter 000\Hackathons\imag_recognition\output\new_images\baseball stick glove\Image_49.jpg,77642,"(1017, 570, 3)"
204,c:\Users\march\000 Treball Ju`yter 000\Hackathons\imag_recognition\output\new_images\baseball stick glove\Image_5.jpg,115552,"(622, 880, 3)"
205,c:\Users\march\000 Treball Ju`yter 000\Hackathons\imag_recognition\output\new_images\baseball stick glove\Image_50.jpg,7628,"(209, 312)"
206,c:\Users\march\000 Treball Ju`yter 000\Hackathons\imag_recognition\output\new_images\baseball stick glove\Image_6.jpg,34304,"(245, 365, 3)"
207,c:\Users\march\000 Treball Ju`yter 000\Hackathons\imag_recognition\output\new_images\baseball stick glove\Image_7.jpg,606114,"(1098, 1500, 3)"
208,c:\Users\march\000 Treball Ju`yter 000\Hackathons\imag_recognition\output\new_images\baseball stick glove\Image_9.jpg,32675,"(369, 340, 3)"
209,c:\Users\march\000 Treball Ju`yter 000\Hackathons\imag_recognition\output\new_images\cricket ball\Image_1.jpg,106660,"(768, 1024, 3)"
210,c:\Users\march\000 Treball Ju`yter 000\Hackathons\imag_recognition\output\new_images\cricket ball\Image_10.jpg,140679,"(1378, 1024, 3)"
211,c:\Users\march\000 Treball Ju`yter 000\Hackathons\imag_recognition\output\new_images\cricket ball\Image_11.jpg,24056,"(225, 300, 3)"
212,c:\Users\march\000 Treball Ju`yter 000\Hackathons\imag_recognition\output\new_images\cricket ball\Image_12.jpg,589222,"(992, 1763, 3)"
213,c:\Users\march\000 Treball Ju`yter 000\Hackathons\imag_recognition\output\new_images\cricket ball\Image_13.jpg,209308,"(1024, 1024, 3)"
214,c:\Users\march\000 Treball Ju`yter 000\Hackathons\imag_recognition\output\new_images\cricket ball\Image_14.jpg,707948,"(2142, 3339, 3)"
215,c:\Users\march\000 Treball Ju`yter 000\Hackathons\imag_recognition\output\new_images\cricket ball\Image_15.jpg,163995,"(864, 745, 3)"
216,c:\Users\march\000 Treball Ju`yter 000\Hackathons\imag_recognition\output\new_images\cricket ball\Image_16.jpg,33497,"(266, 355, 3)"
217,c:\Users\march\000 Treball Ju`yter 000\Hackathons\imag_recognition\output\new_images\cricket ball\Image_17.jpg,1932780,"(3000, 4000, 3)"
218,c:\Users\march\000 Treball Ju`yter 000\Hackathons\imag_recognition\output\new_images\cricket ball\Image_19.jpg,53907,"(800, 800, 3)"
219,c:\Users\march\000 Treball Ju`yter 000\Hackathons\imag_recognition\output\new_images\cricket ball\Image_2.jpg,85892,"(400, 640, 3)"
220,c:\Users\march\000 Treball Ju`yter 000\Hackathons\imag_recognition\output\new_images\cricket ball\Image_20.jpg,199368,"(1067, 1600, 3)"
221,c:\Users\march\000 Treball Ju`yter 000\Hackathons\imag_recognition\output\new_images\cricket ball\Image_21.jpg,157347,"(948, 1024, 3)"
222,c:\Users\march\000 Treball Ju`yter 000\Hackathons\imag_recognition\output\new_images\cricket ball\Image_22.jpg,13534,"(320, 240, 3)"
223,c:\Users\march\000 Treball Ju`yter 000\Hackathons\imag_recognition\output\new_images\cricket ball\Image_23.jpg,73826,"(800, 800, 3)"
224,c:\Users\march\000 Treball Ju`yter 000\Hackathons\imag_recognition\output\new_images\cricket ball\Image_24.jpg,46948,"(500, 500, 3)"
225,c:\Users\march\000 Treball Ju`yter 000\Hackathons\imag_recognition\output\new_images\cricket ball\Image_25.jpg,106523,"(556, 500, 3)"
226,c:\Users\march\000 Treball Ju`yter 000\Hackathons\imag_recognition\output\new_images\cricket ball\Image_26.jpg,614919,"(1772, 1186, 3)"
227,c:\Users\march\000 Treball Ju`yter 000\Hackathons\imag_recognition\output\new_images\cricket ball\Image_27.jpg,106709,"(440, 330, 3)"
228,c:\Users\march\000 Treball Ju`yter 000\Hackathons\imag_recognition\output\new_images\cricket ball\Image_28.jpg,121838,"(512, 1024, 3)"
229,c:\Users\march\000 Treball Ju`yter 000\Hackathons\imag_recognition\output\new_images\cricket ball\Image_29.jpg,77396,"(675, 1200, 3)"
230,c:\Users\march\000 Treball Ju`yter 000\Hackathons\imag_recognition\output\new_images\cricket ball\Image_30.jpg,87977,"(508, 611, 3)"
231,c:\Users\march\000 Treball Ju`yter 000\Hackathons\imag_recognition\output\new_images\cricket ball\Image_31.jpg,1152196,"(2576, 3865, 3)"
232,c:\Users\march\000 Treball Ju`yter 000\Hackathons\imag_recognition\output\new_images\cricket ball\Image_32.jpg,48225,"(350, 590, 3)"
233,c:\Users\march\000 Treball Ju`yter 000\Hackathons\imag_recognition\output\new_images\cricket ball\Image_33.jpg,19246,"(325, 325, 3)"
234,c:\Users\march\000 Treball Ju`yter 000\Hackathons\imag_recognition\output\new_images\cricket ball\Image_34.jpg,264124,"(1620, 1500, 3)"
235,c:\Users\march\000 Treball Ju`yter 000\Hackathons\imag_recognition\output\new_images\cricket ball\Image_35.jpg,35058,"(500, 500, 3)"
236,c:\Users\march\000 Treball Ju`yter 000\Hackathons\imag_recognition\output\new_images\cricket ball\Image_36.jpg,117501,"(480, 640, 3)"
237,c:\Users\march\000 Treball Ju`yter 000\Hackathons\imag_recognition\output\new_images\cricket ball\Image_37.jpg,84338,"(615, 1024, 3)"
238,c:\Users\march\000 Treball Ju`yter 000\Hackathons\imag_recognition\output\new_images\cricket ball\Image_38.jpg,11606,"(200, 200, 3)"
239,c:\Users\march\000 Treball Ju`yter 000\Hackathons\imag_recognition\output\new_images\cricket ball\Image_39.jpg,87977,"(508, 611, 3)"
240,c:\Users\march\000 Treball Ju`yter 000\Hackathons\imag_recognition\output\new_images\cricket ball\Image_4.jpg,179684,"(672, 1024, 3)"
241,c:\Users\march\000 Treball Ju`yter 000\Hackathons\imag_recognition\output\new_images\cricket ball\Image_40.jpg,126052,"(779, 1200, 3)"
242,c:\Users\march\000 Treball Ju`yter 000\Hackathons\imag_recognition\output\new_images\cricket ball\Image_42.jpg,49145,"(1024, 576, 3)"
243,c:\Users\march\000 Treball Ju`yter 000\Hackathons\imag_recognition\output\new_images\cricket ball\Image_43.jpg,383187,"(600, 960, 3)"
244,c:\Users\march\000 Treball Ju`yter 000\Hackathons\imag_recognition\output\new_images\cricket ball\Image_44.jpg,234247,"(683, 1024, 3)"
245,c:\Users\march\000 Treball Ju`yter 000\Hackathons\imag_recognition\output\new_images\cricket ball\Image_45.jpg,440476,"(900, 1600, 3)"
246,c:\Users\march\000 Treball Ju`yter 000\Hackathons\imag_recognition\output\new_images\cricket ball\Image_46.jpg,63701,"(300, 300, 3)"
247,c:\Users\march\000 Treball Ju`yter 000\Hackathons\imag_recognition\output\new_images\cricket ball\Image_47.jpg,159912,"(1024, 1024, 3)"
248,c:\Users\march\000 Treball Ju`yter 000\Hackathons\imag_recognition\output\new_images\cricket ball\Image_48.jpg,39530,"(500, 500, 3)"
249,c:\Users\march\000 Treball Ju`yter 000\Hackathons\imag_recognition\output\new_images\cricket ball\Image_49.jpg,50041,"(700, 1050, 3)"
250,c:\Users\march\000 Treball Ju`yter 000\Hackathons\imag_recognition\output\new_images\cricket ball\Image_5.jpg,28318,"(375, 500, 3)"
251,c:\Users\march\000 Treball Ju`yter 000\Hackathons\imag_recognition\output\new_images\cricket ball\Image_50.jpg,83288,"(440, 660, 3)"
252,c:\Users\march\000 Treball Ju`yter 000\Hackathons\imag_recognition\output\new_images\cricket ball\Image_6.jpg,82041,"(986, 1300, 3)"
253,c:\Users\march\000 Treball Ju`yter 000\Hackathons\imag_recognition\output\new_images\cricket ball\Image_7.jpg,48142,"(360, 540, 3)"
254,c:\Users\march\000 Treball Ju`yter 000\Hackathons\imag_recognition\output\new_images\cricket ball\Image_8.jpg,137996,"(683, 1024, 3)"
255,c:\Users\march\000 Treball Ju`yter 000\Hackathons\imag_recognition\output\new_images\cricket ball\Image_9.jpg,10611,"(291, 438, 3)"
256,c:\Users\march\000 Treball Ju`yter 000\Hackathons\imag_recognition\output\new_images\cricket field\Image_1.jpg,192853,"(720, 1280, 3)"
257,c:\Users\march\000 Treball Ju`yter 000\Hackathons\imag_recognition\output\new_images\cricket field\Image_10.jpg,332360,"(1060, 1885, 3)"
258,c:\Users\march\000 Treball Ju`yter 000\Hackathons\imag_recognition\output\new_images\cricket field\Image_11.jpg,128177,"(630, 1200, 3)"
259,c:\Users\march\000 Treball Ju`yter 000\Hackathons\imag_recognition\output\new_images\cricket field\Image_12.jpg,21299,"(768, 409, 3)"
260,c:\Users\march\000 Treball Ju`yter 000\Hackathons\imag_recognition\output\new_images\cricket field\Image_13.jpg,197106,"(1200, 1600, 3)"
261,c:\Users\march\000 Treball Ju`yter 000\Hackathons\imag_recognition\output\new_images\cricket field\Image_14.jpg,245574,"(1280, 754, 3)"
262,c:\Users\march\000 Treball Ju`yter 000\Hackathons\imag_recognition\output\new_images\cricket field\Image_15.jpg,168915,"(576, 1024, 3)"
263,c:\Users\march\000 Treball Ju`yter 000\Hackathons\imag_recognition\output\new_images\cricket field\Image_16.jpg,336824,"(500, 1000, 3)"
264,c:\Users\march\000 Treball Ju`yter 000\Hackathons\imag_recognition\output\new_images\cricket field\Image_18.jpg,60917,"(415, 720, 3)"
265,c:\Users\march\000 Treball Ju`yter 000\Hackathons\imag_recognition\output\new_images\cricket field\Image_19.jpg,8903,"(212, 300, 3)"
266,c:\Users\march\000 Treball Ju`yter 000\Hackathons\imag_recognition\output\new_images\cricket field\Image_2.jpg,108322,"(541, 1024, 3)"
267,c:\Users\march\000 Treball Ju`yter 000\Hackathons\imag_recognition\output\new_images\cricket field\Image_20.jpg,14574,"(195, 375, 3)"
268,c:\Users\march\000 Treball Ju`yter 000\Hackathons\imag_recognition\output\new_images\cricket field\Image_21.jpg,41493,"(360, 480, 3)"
269,c:\Users\march\000 Treball Ju`yter 000\Hackathons\imag_recognition\output\new_images\cricket field\Image_22.jpg,2086581,"(3024, 4032, 3)"
270,c:\Users\march\000 Treball Ju`yter 000\Hackathons\imag_recognition\output\new_images\cricket field\Image_23.jpg,294328,"(1280, 720, 3)"
271,c:\Users\march\000 Treball Ju`yter 000\Hackathons\imag_recognition\output\new_images\cricket field\Image_24.jpg,129381,"(848, 1600, 3)"
272,c:\Users\march\000 Treball Ju`yter 000\Hackathons\imag_recognition\output\new_images\cricket field\Image_25.jpg,695968,"(2870, 1920, 3)"
273,c:\Users\march\000 Treball Ju`yter 000\Hackathons\imag_recognition\output\new_images\cricket field\Image_26.jpg,2932875,"(2830, 5000, 3)"
274,c:\Users\march\000 Treball Ju`yter 000\Hackathons\imag_recognition\output\new_images\cricket field\Image_27.jpg,485692,"(939, 1920, 3)"
275,c:\Users\march\000 Treball Ju`yter 000\Hackathons\imag_recognition\output\new_images\cricket field\Image_28.jpg,1682460,"(5120, 3413, 3)"
276,c:\Users\march\000 Treball Ju`yter 000\Hackathons\imag_recognition\output\new_images\cricket field\Image_29.jpg,121407,"(554, 1580, 3)"
277,c:\Users\march\000 Treball Ju`yter 000\Hackathons\imag_recognition\output\new_images\cricket field\Image_30.jpg,124654,"(576, 1024, 3)"
278,c:\Users\march\000 Treball Ju`yter 000\Hackathons\imag_recognition\output\new_images\cricket field\Image_31.jpg,138578,"(295, 910, 3)"
279,c:\Users\march\000 Treball Ju`yter 000\Hackathons\imag_recognition\output\new_images\cricket field\Image_32.jpg,1699058,"(3000, 4000, 3)"
280,c:\Users\march\000 Treball Ju`yter 000\Hackathons\imag_recognition\output\new_images\cricket field\Image_33.jpg,28184,"(640, 640, 3)"
281,c:\Users\march\000 Treball Ju`yter 000\Hackathons\imag_recognition\output\new_images\cricket field\Image_34.jpg,1816521,"(3024, 4032, 3)"
282,c:\Users\march\000 Treball Ju`yter 000\Hackathons\imag_recognition\output\new_images\cricket field\Image_35.jpg,964133,"(2376, 3790, 3)"
283,c:\Users\march\000 Treball Ju`yter 000\Hackathons\imag_recognition\output\new_images\cricket field\Image_36.jpg,233205,"(1200, 1200, 3)"
284,c:\Users\march\000 Treball Ju`yter 000\Hackathons\imag_recognition\output\new_images\cricket field\Image_37.jpg,63701,"(300, 300, 3)"
285,c:\Users\march\000 Treball Ju`yter 000\Hackathons\imag_recognition\output\new_images\cricket field\Image_38.jpg,70363,"(400, 650, 3)"
286,c:\Users\march\000 Treball Ju`yter 000\Hackathons\imag_recognition\output\new_images\cricket field\Image_39.jpg,1842463,"(3024, 4032, 3)"
287,c:\Users\march\000 Treball Ju`yter 000\Hackathons\imag_recognition\output\new_images\cricket field\Image_4.jpg,129954,"(1104, 736, 3)"
288,c:\Users\march\000 Treball Ju`yter 000\Hackathons\imag_recognition\output\new_images\cricket field\Image_40.jpg,377287,"(1057, 1890, 3)"
289,c:\Users\march\000 Treball Ju`yter 000\Hackathons\imag_recognition\output\new_images\cricket field\Image_41.jpg,1152196,"(2576, 3865, 3)"
290,c:\Users\march\000 Treball Ju`yter 000\Hackathons\imag_recognition\output\new_images\cricket field\Image_42.jpg,87977,"(508, 611, 3)"
291,c:\Users\march\000 Treball Ju`yter 000\Hackathons\imag_recognition\output\new_images\cricket field\Image_43.jpg,117968,"(774, 450, 3)"
292,c:\Users\march\000 Treball Ju`yter 000\Hackathons\imag_recognition\output\new_images\cricket field\Image_44.jpg,85126,"(583, 768, 3)"
293,c:\Users\march\000 Treball Ju`yter 000\Hackathons\imag_recognition\output\new_images\cricket field\Image_45.jpg,128609,"(576, 1024, 3)"
294,c:\Users\march\000 Treball Ju`yter 000\Hackathons\imag_recognition\output\new_images\cricket field\Image_46.jpg,364273,"(768, 1024, 3)"
295,c:\Users\march\000 Treball Ju`yter 000\Hackathons\imag_recognition\output\new_images\cricket field\Image_47.jpg,97278,"(555, 1024, 3)"
296,c:\Users\march\000 Treball Ju`yter 000\Hackathons\imag_recognition\output\new_images\cricket field\Image_48.jpg,178941,"(440, 660, 3)"
297,c:\Users\march\000 Treball Ju`yter 000\Hackathons\imag_recognition\output\new_images\cricket field\Image_49.jpg,228078,"(1289, 1600, 3)"
298,c:\Users\march\000 Treball Ju`yter 000\Hackathons\imag_recognition\output\new_images\cricket field\Image_5.jpg,314389,"(806, 1024, 3)"
299,c:\Users\march\000 Treball Ju`yter 000\Hackathons\imag_recognition\output\new_images\cricket field\Image_50.jpg,43149,"(339, 509, 3)"
300,c:\Users\march\000 Treball Ju`yter 000\Hackathons\imag_recognition\output\new_images\cricket field\Image_6.jpg,349474,"(1060, 1600, 3)"
301,c:\Users\march\000 Treball Ju`yter 000\Hackathons\imag_recognition\output\new_images\cricket field\Image_7.jpg,126356,"(533, 800, 3)"
302,c:\Users\march\000 Treball Ju`yter 000\Hackathons\imag_recognition\output\new_images\cricket field\Image_8.jpg,203814,"(683, 1023, 3)"
303,c:\Users\march\000 Treball Ju`yter 000\Hackathons\imag_recognition\output\new_images\cricket match\Image_1.jpg,178903,"(720, 1280, 3)"
304,c:\Users\march\000 Treball Ju`yter 000\Hackathons\imag_recognition\output\new_images\cricket match\Image_10.jpg,42813,"(300, 450, 3)"
305,c:\Users\march\000 Treball Ju`yter 000\Hackathons\imag_recognition\output\new_images\cricket match\Image_11.jpg,10256,"(360, 480, 3)"
306,c:\Users\march\000 Treball Ju`yter 000\Hackathons\imag_recognition\output\new_images\cricket match\Image_12.jpg,310814,"(811, 1200, 3)"
307,c:\Users\march\000 Treball Ju`yter 000\Hackathons\imag_recognition\output\new_images\cricket match\Image_13.jpg,18506,"(675, 900, 3)"
308,c:\Users\march\000 Treball Ju`yter 000\Hackathons\imag_recognition\output\new_images\cricket match\Image_14.jpg,105636,"(800, 1200, 3)"
309,c:\Users\march\000 Treball Ju`yter 000\Hackathons\imag_recognition\output\new_images\cricket match\Image_15.jpg,3440498,"(3600, 5332, 3)"
310,c:\Users\march\000 Treball Ju`yter 000\Hackathons\imag_recognition\output\new_images\cricket match\Image_16.jpg,63106,"(450, 800, 3)"
311,c:\Users\march\000 Treball Ju`yter 000\Hackathons\imag_recognition\output\new_images\cricket match\Image_18.jpg,141223,"(633, 736, 3)"
312,c:\Users\march\000 Treball Ju`yter 000\Hackathons\imag_recognition\output\new_images\cricket match\Image_19.jpg,117109,"(1040, 735, 3)"
313,c:\Users\march\000 Treball Ju`yter 000\Hackathons\imag_recognition\output\new_images\cricket match\Image_2.jpg,107067,"(667, 1000, 3)"
314,c:\Users\march\000 Treball Ju`yter 000\Hackathons\imag_recognition\output\new_images\cricket match\Image_20.jpg,51573,"(720, 1280, 3)"
315,c:\Users\march\000 Treball Ju`yter 000\Hackathons\imag_recognition\output\new_images\cricket match\Image_21.jpg,163454,"(720, 1280, 3)"
316,c:\Users\march\000 Treball Ju`yter 000\Hackathons\imag_recognition\output\new_images\cricket match\Image_22.jpg,8310,"(360, 480, 3)"
317,c:\Users\march\000 Treball Ju`yter 000\Hackathons\imag_recognition\output\new_images\cricket match\Image_23.jpg,23760,"(240, 320, 3)"
318,c:\Users\march\000 Treball Ju`yter 000\Hackathons\imag_recognition\output\new_images\cricket match\Image_24.jpg,5123,"(360, 480, 3)"
319,c:\Users\march\000 Treball Ju`yter 000\Hackathons\imag_recognition\output\new_images\cricket match\Image_25.jpg,187962,"(957, 1300, 3)"
320,c:\Users\march\000 Treball Ju`yter 000\Hackathons\imag_recognition\output\new_images\cricket match\Image_26.jpg,8879,"(360, 480, 3)"
321,c:\Users\march\000 Treball Ju`yter 000\Hackathons\imag_recognition\output\new_images\cricket match\Image_28.jpg,829021,"(872, 600, 3)"
322,c:\Users\march\000 Treball Ju`yter 000\Hackathons\imag_recognition\output\new_images\cricket match\Image_29.jpg,283169,"(864, 1600, 3)"
323,c:\Users\march\000 Treball Ju`yter 000\Hackathons\imag_recognition\output\new_images\cricket match\Image_3.jpg,169455,"(720, 1280, 3)"
324,c:\Users\march\000 Treball Ju`yter 000\Hackathons\imag_recognition\output\new_images\cricket match\Image_30.jpg,150553,"(534, 800, 3)"
325,c:\Users\march\000 Treball Ju`yter 000\Hackathons\imag_recognition\output\new_images\cricket match\Image_31.jpg,1426110,"(1962, 3900, 3)"
326,c:\Users\march\000 Treball Ju`yter 000\Hackathons\imag_recognition\output\new_images\cricket match\Image_33.jpg,77231,"(422, 750, 3)"
327,c:\Users\march\000 Treball Ju`yter 000\Hackathons\imag_recognition\output\new_images\cricket match\Image_34.jpg,475844,"(801, 1199, 3)"
328,c:\Users\march\000 Treball Ju`yter 000\Hackathons\imag_recognition\output\new_images\cricket match\Image_35.jpg,133076,"(720, 1280, 3)"
329,c:\Users\march\000 Treball Ju`yter 000\Hackathons\imag_recognition\output\new_images\cricket match\Image_36.jpg,10348,"(360, 480, 3)"
330,c:\Users\march\000 Treball Ju`yter 000\Hackathons\imag_recognition\output\new_images\cricket match\Image_37.jpg,118780,"(720, 1280, 3)"
331,c:\Users\march\000 Treball Ju`yter 000\Hackathons\imag_recognition\output\new_images\cricket match\Image_38.jpg,116595,"(1040, 736, 3)"
332,c:\Users\march\000 Treball Ju`yter 000\Hackathons\imag_recognition\output\new_images\cricket match\Image_39.jpg,11593,"(360, 480, 3)"
333,c:\Users\march\000 Treball Ju`yter 000\Hackathons\imag_recognition\output\new_images\cricket match\Image_4.jpg,245658,"(720, 1280, 3)"
334,c:\Users\march\000 Treball Ju`yter 000\Hackathons\imag_recognition\output\new_images\cricket match\Image_40.jpg,62171,"(450, 800, 3)"
335,c:\Users\march\000 Treball Ju`yter 000\Hackathons\imag_recognition\output\new_images\cricket match\Image_42.jpg,14276,"(360, 480, 3)"
336,c:\Users\march\000 Treball Ju`yter 000\Hackathons\imag_recognition\output\new_images\cricket match\Image_43.jpg,70093,"(499, 925, 3)"
337,c:\Users\march\000 Treball Ju`yter 000\Hackathons\imag_recognition\output\new_images\cricket match\Image_44.jpg,79849,"(480, 640, 3)"
338,c:\Users\march\000 Treball Ju`yter 000\Hackathons\imag_recognition\output\new_images\cricket match\Image_45.jpg,70386,"(720, 1280, 3)"
339,c:\Users\march\000 Treball Ju`yter 000\Hackathons\imag_recognition\output\new_images\cricket match\Image_46.jpg,59151,"(594, 396, 3)"
340,c:\Users\march\000 Treball Ju`yter 000\Hackathons\imag_recognition\output\new_images\cricket match\Image_47.jpg,76176,"(882, 626, 3)"
341,c:\Users\march\000 Treball Ju`yter 000\Hackathons\imag_recognition\output\new_images\cricket match\Image_48.jpg,111322,"(720, 1280, 3)"
342,c:\Users\march\000 Treball Ju`yter 000\Hackathons\imag_recognition\output\new_images\cricket match\Image_49.jpg,500925,"(1067, 1920, 3)"
343,c:\Users\march\000 Treball Ju`yter 000\Hackathons\imag_recognition\output\new_images\cricket match\Image_5.jpg,141305,"(720, 1280, 3)"
344,c:\Users\march\000 Treball Ju`yter 000\Hackathons\imag_recognition\output\new_images\cricket match\Image_50.jpg,331140,"(720, 1280, 3)"
345,c:\Users\march\000 Treball Ju`yter 000\Hackathons\imag_recognition\output\new_images\cricket match\Image_6.jpg,147100,"(683, 1024, 3)"
346,c:\Users\march\000 Treball Ju`yter 000\Hackathons\imag_recognition\output\new_images\cricket match\Image_7.jpg,91958,"(720, 1280, 3)"
347,c:\Users\march\000 Treball Ju`yter 000\Hackathons\imag_recognition\output\new_images\cricket match\Image_8.jpg,373550,"(1080, 1920, 3)"
348,c:\Users\march\000 Treball Ju`yter 000\Hackathons\imag_recognition\output\new_images\cricket match\Image_9.jpg,40882,"(720, 1280, 3)"
349,c:\Users\march\000 Treball Ju`yter 000\Hackathons\imag_recognition\output\new_images\cricket player\Image_1.jpg,82261,"(594, 428, 3)"
350,c:\Users\march\000 Treball Ju`yter 000\Hackathons\imag_recognition\output\new_images\cricket player\Image_10.jpg,1882076,"(1200, 1600, 3)"
351,c:\Users\march\000 Treball Ju`yter 000\Hackathons\imag_recognition\output\new_images\cricket player\Image_11.jpg,294328,"(1280, 720, 3)"
352,c:\Users\march\000 Treball Ju`yter 000\Hackathons\imag_recognition\output\new_images\cricket player\Image_12.jpg,162979,"(1415, 2122, 3)"
353,c:\Users\march\000 Treball Ju`yter 000\Hackathons\imag_recognition\output\new_images\cricket player\Image_13.jpg,267082,"(1280, 1280, 3)"
354,c:\Users\march\000 Treball Ju`yter 000\Hackathons\imag_recognition\output\new_images\cricket player\Image_14.jpg,1682460,"(5120, 3413, 3)"
355,c:\Users\march\000 Treball Ju`yter 000\Hackathons\imag_recognition\output\new_images\cricket player\Image_15.jpg,144182,"(337, 550, 3)"
356,c:\Users\march\000 Treball Ju`yter 000\Hackathons\imag_recognition\output\new_images\cricket player\Image_16.jpg,67486,"(513, 1100, 3)"
357,c:\Users\march\000 Treball Ju`yter 000\Hackathons\imag_recognition\output\new_images\cricket player\Image_17.jpg,74440,"(550, 685, 3)"
358,c:\Users\march\000 Treball Ju`yter 000\Hackathons\imag_recognition\output\new_images\cricket player\Image_18.jpg,88172,"(1200, 800, 3)"
359,c:\Users\march\000 Treball Ju`yter 000\Hackathons\imag_recognition\output\new_images\cricket player\Image_19.jpg,1582825,"(1057, 1410, 3)"
360,c:\Users\march\000 Treball Ju`yter 000\Hackathons\imag_recognition\output\new_images\cricket player\Image_2.jpg,123513,"(320, 600, 3)"
361,c:\Users\march\000 Treball Ju`yter 000\Hackathons\imag_recognition\output\new_images\cricket player\Image_20.jpg,264441,"(771, 600, 3)"
362,c:\Users\march\000 Treball Ju`yter 000\Hackathons\imag_recognition\output\new_images\cricket player\Image_21.jpg,30132,"(300, 300, 3)"
363,c:\Users\march\000 Treball Ju`yter 000\Hackathons\imag_recognition\output\new_images\cricket player\Image_22.jpg,32874,"(240, 320, 3)"
364,c:\Users\march\000 Treball Ju`yter 000\Hackathons\imag_recognition\output\new_images\cricket player\Image_23.jpg,97924,"(720, 720, 3)"
365,c:\Users\march\000 Treball Ju`yter 000\Hackathons\imag_recognition\output\new_images\cricket player\Image_24.jpg,326326,"(945, 1680, 3)"
366,c:\Users\march\000 Treball Ju`yter 000\Hackathons\imag_recognition\output\new_images\cricket player\Image_25.jpg,28843,"(400, 324, 3)"
367,c:\Users\march\000 Treball Ju`yter 000\Hackathons\imag_recognition\output\new_images\cricket player\Image_26.jpg,28843,"(400, 324, 3)"
368,c:\Users\march\000 Treball Ju`yter 000\Hackathons\imag_recognition\output\new_images\cricket player\Image_27.jpg,105599,"(630, 1200, 3)"
369,c:\Users\march\000 Treball Ju`yter 000\Hackathons\imag_recognition\output\new_images\cricket player\Image_28.jpg,82152,"(800, 452, 3)"
370,c:\Users\march\000 Treball Ju`yter 000\Hackathons\imag_recognition\output\new_images\cricket player\Image_29.jpg,97283,"(800, 560, 3)"
371,c:\Users\march\000 Treball Ju`yter 000\Hackathons\imag_recognition\output\new_images\cricket player\Image_3.jpg,128521,"(560, 1000, 3)"
372,c:\Users\march\000 Treball Ju`yter 000\Hackathons\imag_recognition\output\new_images\cricket player\Image_30.jpg,290219,"(580, 1220, 3)"
373,c:\Users\march\000 Treball Ju`yter 000\Hackathons\imag_recognition\output\new_images\cricket player\Image_31.jpg,150067,"(541, 810, 3)"
374,c:\Users\march\000 Treball Ju`yter 000\Hackathons\imag_recognition\output\new_images\cricket player\Image_32.jpg,224144,"(1080, 1571, 3)"
375,c:\Users\march\000 Treball Ju`yter 000\Hackathons\imag_recognition\output\new_images\cricket player\Image_33.jpg,52315,"(720, 1280, 3)"
376,c:\Users\march\000 Treball Ju`yter 000\Hackathons\imag_recognition\output\new_images\cricket player\Image_34.jpg,86466,"(640, 960, 3)"
377,c:\Users\march\000 Treball Ju`yter 000\Hackathons\imag_recognition\output\new_images\cricket player\Image_35.jpg,49121,"(400, 768, 3)"
378,c:\Users\march\000 Treball Ju`yter 000\Hackathons\imag_recognition\output\new_images\cricket player\Image_36.jpg,349259,"(450, 848, 3)"
379,c:\Users\march\000 Treball Ju`yter 000\Hackathons\imag_recognition\output\new_images\cricket player\Image_37.jpg,121861,"(1024, 726, 3)"
380,c:\Users\march\000 Treball Ju`yter 000\Hackathons\imag_recognition\output\new_images\cricket player\Image_38.jpg,155496,"(397, 635, 3)"
381,c:\Users\march\000 Treball Ju`yter 000\Hackathons\imag_recognition\output\new_images\cricket player\Image_39.jpg,102312,"(480, 640, 3)"
382,c:\Users\march\000 Treball Ju`yter 000\Hackathons\imag_recognition\output\new_images\cricket player\Image_4.jpg,45375,"(240, 320, 3)"
383,c:\Users\march\000 Treball Ju`yter 000\Hackathons\imag_recognition\output\new_images\cricket player\Image_40.jpg,67407,"(588, 1042, 3)"
384,c:\Users\march\000 Treball Ju`yter 000\Hackathons\imag_recognition\output\new_images\cricket player\Image_41.jpg,109938,"(675, 1200, 3)"
385,c:\Users\march\000 Treball Ju`yter 000\Hackathons\imag_recognition\output\new_images\cricket player\Image_42.jpg,3615686,"(2000, 2840, 3)"
386,c:\Users\march\000 Treball Ju`yter 000\Hackathons\imag_recognition\output\new_images\cricket player\Image_43.jpg,511581,"(1365, 2048, 3)"
387,c:\Users\march\000 Treball Ju`yter 000\Hackathons\imag_recognition\output\new_images\cricket player\Image_44.jpg,13577,"(225, 300, 3)"
388,c:\Users\march\000 Treball Ju`yter 000\Hackathons\imag_recognition\output\new_images\cricket player\Image_45.jpg,558224,"(527, 1000, 3)"
389,c:\Users\march\000 Treball Ju`yter 000\Hackathons\imag_recognition\output\new_images\cricket player\Image_46.jpg,44193,"(200, 300, 3)"
390,c:\Users\march\000 Treball Ju`yter 000\Hackathons\imag_recognition\output\new_images\cricket player\Image_47.jpg,173712,"(884, 602, 3)"
391,c:\Users\march\000 Treball Ju`yter 000\Hackathons\imag_recognition\output\new_images\cricket player\Image_48.jpg,156065,"(1308, 736, 3)"
392,c:\Users\march\000 Treball Ju`yter 000\Hackathons\imag_recognition\output\new_images\cricket player\Image_49.jpg,334305,"(781, 1200, 3)"
393,c:\Users\march\000 Treball Ju`yter 000\Hackathons\imag_recognition\output\new_images\cricket player\Image_5.jpg,21940,"(240, 320, 3)"
394,c:\Users\march\000 Treball Ju`yter 000\Hackathons\imag_recognition\output\new_images\cricket player\Image_50.jpg,39605,"(210, 320, 3)"
395,c:\Users\march\000 Treball Ju`yter 000\Hackathons\imag_recognition\output\new_images\cricket player\Image_6.jpg,55920,"(300, 400, 3)"
396,c:\Users\march\000 Treball Ju`yter 000\Hackathons\imag_recognition\output\new_images\cricket player\Image_7.jpg,163593,"(1309, 736, 3)"
397,c:\Users\march\000 Treball Ju`yter 000\Hackathons\imag_recognition\output\new_images\cricket player\Image_8.jpg,21074,"(240, 320, 3)"
398,c:\Users\march\000 Treball Ju`yter 000\Hackathons\imag_recognition\output\new_images\cricket player\Image_9.jpg,1740724,"(3435, 5150, 3)"
399,c:\Users\march\000 Treball Ju`yter 000\Hackathons\imag_recognition\output\new_images\cricket stumps glove\Image_1.jpg,60170,"(800, 800, 3)"
400,c:\Users\march\000 Treball Ju`yter 000\Hackathons\imag_recognition\output\new_images\cricket stumps glove\Image_10.jpg,179341,"(1600, 1200, 3)"
401,c:\Users\march\000 Treball Ju`yter 000\Hackathons\imag_recognition\output\new_images\cricket stumps glove\Image_11.jpg,668777,"(1500, 1500, 3)"
402,c:\Users\march\000 Treball Ju`yter 000\Hackathons\imag_recognition\output\new_images\cricket stumps glove\Image_12.jpg,40609,"(500, 500, 3)"
403,c:\Users\march\000 Treball Ju`yter 000\Hackathons\imag_recognition\output\new_images\cricket stumps glove\Image_14.jpg,178856,"(1600, 1200, 3)"
404,c:\Users\march\000 Treball Ju`yter 000\Hackathons\imag_recognition\output\new_images\cricket stumps glove\Image_15.jpg,96614,"(1600, 1200, 3)"
405,c:\Users\march\000 Treball Ju`yter 000\Hackathons\imag_recognition\output\new_images\cricket stumps glove\Image_16.jpg,36155,"(480, 640, 3)"
406,c:\Users\march\000 Treball Ju`yter 000\Hackathons\imag_recognition\output\new_images\cricket stumps glove\Image_17.jpg,78913,"(736, 736, 3)"
407,c:\Users\march\000 Treball Ju`yter 000\Hackathons\imag_recognition\output\new_images\cricket stumps glove\Image_19.jpg,30914,"(500, 500, 3)"
408,c:\Users\march\000 Treball Ju`yter 000\Hackathons\imag_recognition\output\new_images\cricket stumps glove\Image_2.jpg,28758,"(533, 800, 3)"
409,c:\Users\march\000 Treball Ju`yter 000\Hackathons\imag_recognition\output\new_images\cricket stumps glove\Image_20.jpg,155967,"(972, 1024, 3)"
410,c:\Users\march\000 Treball Ju`yter 000\Hackathons\imag_recognition\output\new_images\cricket stumps glove\Image_21.jpg,10308,"(225, 205, 3)"
411,c:\Users\march\000 Treball Ju`yter 000\Hackathons\imag_recognition\output\new_images\cricket stumps glove\Image_22.jpg,295193,"(533, 800, 3)"
412,c:\Users\march\000 Treball Ju`yter 000\Hackathons\imag_recognition\output\new_images\cricket stumps glove\Image_23.jpg,25418,"(213, 517, 3)"
413,c:\Users\march\000 Treball Ju`yter 000\Hackathons\imag_recognition\output\new_images\cricket stumps glove\Image_24.jpg,28340,"(450, 200, 3)"
414,c:\Users\march\000 Treball Ju`yter 000\Hackathons\imag_recognition\output\new_images\cricket stumps glove\Image_25.jpg,97032,"(800, 800, 3)"
415,c:\Users\march\000 Treball Ju`yter 000\Hackathons\imag_recognition\output\new_images\cricket stumps glove\Image_26.jpg,465475,"(1387, 1500, 3)"
416,c:\Users\march\000 Treball Ju`yter 000\Hackathons\imag_recognition\output\new_images\cricket stumps glove\Image_27.jpg,20660,"(525, 700, 3)"
417,c:\Users\march\000 Treball Ju`yter 000\Hackathons\imag_recognition\output\new_images\cricket stumps glove\Image_28.jpg,40365,"(800, 600, 3)"
418,c:\Users\march\000 Treball Ju`yter 000\Hackathons\imag_recognition\output\new_images\cricket stumps glove\Image_29.jpg,36588,"(254, 364, 3)"
419,c:\Users\march\000 Treball Ju`yter 000\Hackathons\imag_recognition\output\new_images\cricket stumps glove\Image_3.jpg,95978,"(640, 950, 3)"
420,c:\Users\march\000 Treball Ju`yter 000\Hackathons\imag_recognition\output\new_images\cricket stumps glove\Image_30.jpg,191375,"(720, 1280, 3)"
421,c:\Users\march\000 Treball Ju`yter 000\Hackathons\imag_recognition\output\new_images\cricket stumps glove\Image_31.jpg,63785,"(600, 600, 3)"
422,c:\Users\march\000 Treball Ju`yter 000\Hackathons\imag_recognition\output\new_images\cricket stumps glove\Image_33.jpg,84010,"(720, 1280, 3)"
423,c:\Users\march\000 Treball Ju`yter 000\Hackathons\imag_recognition\output\new_images\cricket stumps glove\Image_34.jpg,8291,"(200, 200, 3)"
424,c:\Users\march\000 Treball Ju`yter 000\Hackathons\imag_recognition\output\new_images\cricket stumps glove\Image_35.jpg,34311,"(505, 500, 3)"
425,c:\Users\march\000 Treball Ju`yter 000\Hackathons\imag_recognition\output\new_images\cricket stumps glove\Image_36.jpg,49240,"(600, 487, 3)"
426,c:\Users\march\000 Treball Ju`yter 000\Hackathons\imag_recognition\output\new_images\cricket stumps glove\Image_37.jpg,17792,"(280, 280, 3)"
427,c:\Users\march\000 Treball Ju`yter 000\Hackathons\imag_recognition\output\new_images\cricket stumps glove\Image_38.jpg,20660,"(525, 700, 3)"
428,c:\Users\march\000 Treball Ju`yter 000\Hackathons\imag_recognition\output\new_images\cricket stumps glove\Image_4.jpg,142677,"(800, 800, 3)"
429,c:\Users\march\000 Treball Ju`yter 000\Hackathons\imag_recognition\output\new_images\cricket stumps glove\Image_41.jpg,80964,"(800, 800, 3)"
430,c:\Users\march\000 Treball Ju`yter 000\Hackathons\imag_recognition\output\new_images\cricket stumps glove\Image_42.jpg,55428,"(429, 534, 3)"
431,c:\Users\march\000 Treball Ju`yter 000\Hackathons\imag_recognition\output\new_images\cricket stumps glove\Image_43.jpg,25042,"(600, 600, 3)"
432,c:\Users\march\000 Treball Ju`yter 000\Hackathons\imag_recognition\output\new_images\cricket stumps glove\Image_44.jpg,356652,"(1024, 683, 3)"
433,c:\Users\march\000 Treball Ju`yter 000\Hackathons\imag_recognition\output\new_images\cricket stumps glove\Image_46.jpg,42620,"(502, 500, 3)"
434,c:\Users\march\000 Treball Ju`yter 000\Hackathons\imag_recognition\output\new_images\cricket stumps glove\Image_47.jpg,72167,"(1024, 1024, 3)"
435,c:\Users\march\000 Treball Ju`yter 000\Hackathons\imag_recognition\output\new_images\cricket stumps glove\Image_48.jpg,14877,"(500, 500, 3)"
436,c:\Users\march\000 Treball Ju`yter 000\Hackathons\imag_recognition\output\new_images\cricket stumps glove\Image_49.jpg,73585,"(436, 620, 3)"
437,c:\Users\march\000 Treball Ju`yter 000\Hackathons\imag_recognition\output\new_images\cricket stumps glove\Image_5.jpg,21969,"(513, 513, 3)"
438,c:\Users\march\000 Treball Ju`yter 000\Hackathons\imag_recognition\output\new_images\cricket stumps glove\Image_50.jpg,25042,"(600, 600, 3)"
439,c:\Users\march\000 Treball Ju`yter 000\Hackathons\imag_recognition\output\new_images\cricket stumps glove\Image_6.jpg,149549,"(576, 864, 3)"
440,c:\Users\march\000 Treball Ju`yter 000\Hackathons\imag_recognition\output\new_images\cricket stumps glove\Image_7.jpg,27643,"(399, 400, 3)"
441,c:\Users\march\000 Treball Ju`yter 000\Hackathons\imag_recognition\output\new_images\cricket stumps glove\Image_8.jpg,53227,"(500, 500, 3)"
442,c:\Users\march\000 Treball Ju`yter 000\Hackathons\imag_recognition\output\new_images\cricket stumps glove\Image_9.jpg,53502,"(800, 800, 3)"
443,c:\Users\march\000 Treball Ju`yter 000\Hackathons\imag_recognition\output\new_images\football field\Image_1.jpg,1089726,"(1058, 2000, 3)"
444,c:\Users\march\000 Treball Ju`yter 000\Hackathons\imag_recognition\output\new_images\football field\Image_10.jpg,80514,"(337, 508, 3)"
445,c:\Users\march\000 Treball Ju`yter 000\Hackathons\imag_recognition\output\new_images\football field\Image_11.jpg,1486126,"(3024, 4032, 3)"
446,c:\Users\march\000 Treball Ju`yter 000\Hackathons\imag_recognition\output\new_images\football field\Image_12.jpg,51534,"(328, 526, 3)"
447,c:\Users\march\000 Treball Ju`yter 000\Hackathons\imag_recognition\output\new_images\football field\Image_13.jpg,348541,"(815, 1600, 3)"
448,c:\Users\march\000 Treball Ju`yter 000\Hackathons\imag_recognition\output\new_images\football field\Image_14.jpg,196813,"(615, 1024, 3)"
449,c:\Users\march\000 Treball Ju`yter 000\Hackathons\imag_recognition\output\new_images\football field\Image_15.jpg,32727,"(220, 400, 3)"
450,c:\Users\march\000 Treball Ju`yter 000\Hackathons\imag_recognition\output\new_images\football field\Image_16.jpg,85058,"(512, 768, 3)"
451,c:\Users\march\000 Treball Ju`yter 000\Hackathons\imag_recognition\output\new_images\football field\Image_17.jpg,289890,"(426, 640, 3)"
452,c:\Users\march\000 Treball Ju`yter 000\Hackathons\imag_recognition\output\new_images\football field\Image_18.jpg,273068,"(768, 1024, 3)"
453,c:\Users\march\000 Treball Ju`yter 000\Hackathons\imag_recognition\output\new_images\football field\Image_19.jpg,38219,"(566, 400, 3)"
454,c:\Users\march\000 Treball Ju`yter 000\Hackathons\imag_recognition\output\new_images\football field\Image_2.jpg,88713,"(552, 736, 3)"
455,c:\Users\march\000 Treball Ju`yter 000\Hackathons\imag_recognition\output\new_images\football field\Image_20.jpg,1802341,"(1000, 1500, 3)"
456,c:\Users\march\000 Treball Ju`yter 000\Hackathons\imag_recognition\output\new_images\football field\Image_21.jpg,172358,"(360, 640, 4)"
457,c:\Users\march\000 Treball Ju`yter 000\Hackathons\imag_recognition\output\new_images\football field\Image_22.jpg,407288,"(768, 1024, 3)"
458,c:\Users\march\000 Treball Ju`yter 000\Hackathons\imag_recognition\output\new_images\football field\Image_23.jpg,82563,"(338, 507, 3)"
459,c:\Users\march\000 Treball Ju`yter 000\Hackathons\imag_recognition\output\new_images\football field\Image_25.jpg,405662,"(1920, 1080, 3)"
460,c:\Users\march\000 Treball Ju`yter 000\Hackathons\imag_recognition\output\new_images\football field\Image_26.jpg,113509,"(981, 736, 3)"
461,c:\Users\march\000 Treball Ju`yter 000\Hackathons\imag_recognition\output\new_images\football field\Image_27.jpg,500956,"(1728, 2592, 3)"
462,c:\Users\march\000 Treball Ju`yter 000\Hackathons\imag_recognition\output\new_images\football field\Image_3.jpg,1199802,"(1000, 2000, 3)"
463,c:\Users\march\000 Treball Ju`yter 000\Hackathons\imag_recognition\output\new_images\football field\Image_4.jpg,30030,"(249, 417, 3)"
464,c:\Users\march\000 Treball Ju`yter 000\Hackathons\imag_recognition\output\new_images\football field\Image_5.jpg,39338,"(1104, 736, 3)"
465,c:\Users\march\000 Treball Ju`yter 000\Hackathons\imag_recognition\output\new_images\football field\Image_6.jpg,3278609,"(3168, 4752, 3)"
466,c:\Users\march\000 Treball Ju`yter 000\Hackathons\imag_recognition\output\new_images\football field\Image_7.jpg,157054,"(702, 1100, 3)"
467,c:\Users\march\000 Treball Ju`yter 000\Hackathons\imag_recognition\output\new_images\football field\Image_8.jpg,106956,"(683, 1024, 3)"
468,c:\Users\march\000 Treball Ju`yter 000\Hackathons\imag_recognition\output\new_images\football field\Image_9.jpg,200285,"(650, 1900, 3)"
469,c:\Users\march\000 Treball Ju`yter 000\Hackathons\imag_recognition\output\new_images\football goal\Image_1.jpg,94785,"(327, 500, 3)"
470,c:\Users\march\000 Treball Ju`yter 000\Hackathons\imag_recognition\output\new_images\football goal\Image_10.jpg,75318,"(506, 855, 3)"
471,c:\Users\march\000 Treball Ju`yter 000\Hackathons\imag_recognition\output\new_images\football goal\Image_13.jpg,97644,"(1300, 957, 3)"
472,c:\Users\march\000 Treball Ju`yter 000\Hackathons\imag_recognition\output\new_images\football goal\Image_14.jpg,129202,"(682, 1024, 3)"
473,c:\Users\march\000 Treball Ju`yter 000\Hackathons\imag_recognition\output\new_images\football goal\Image_15.jpg,138233,"(645, 968, 3)"
474,c:\Users\march\000 Treball Ju`yter 000\Hackathons\imag_recognition\output\new_images\football goal\Image_16.jpg,795403,"(1600, 2560, 3)"
475,c:\Users\march\000 Treball Ju`yter 000\Hackathons\imag_recognition\output\new_images\football goal\Image_17.jpg,59100,"(680, 450, 3)"
476,c:\Users\march\000 Treball Ju`yter 000\Hackathons\imag_recognition\output\new_images\football goal\Image_18.jpg,83049,"(745, 535, 3)"
477,c:\Users\march\000 Treball Ju`yter 000\Hackathons\imag_recognition\output\new_images\football goal\Image_19.jpg,124619,"(533, 800, 3)"
478,c:\Users\march\000 Treball Ju`yter 000\Hackathons\imag_recognition\output\new_images\football goal\Image_2.jpg,36295,"(298, 618, 3)"
479,c:\Users\march\000 Treball Ju`yter 000\Hackathons\imag_recognition\output\new_images\football goal\Image_20.jpg,73814,"(400, 400, 3)"
480,c:\Users\march\000 Treball Ju`yter 000\Hackathons\imag_recognition\output\new_images\football goal\Image_21.jpg,116891,"(500, 500, 3)"
481,c:\Users\march\000 Treball Ju`yter 000\Hackathons\imag_recognition\output\new_images\football goal\Image_22.jpg,51512,"(1024, 731, 3)"
482,c:\Users\march\000 Treball Ju`yter 000\Hackathons\imag_recognition\output\new_images\football goal\Image_23.jpg,287376,"(1080, 1920, 3)"
483,c:\Users\march\000 Treball Ju`yter 000\Hackathons\imag_recognition\output\new_images\football goal\Image_24.jpg,637993,"(2208, 1242, 3)"
484,c:\Users\march\000 Treball Ju`yter 000\Hackathons\imag_recognition\output\new_images\football goal\Image_25.jpg,107450,"(736, 736, 3)"
485,c:\Users\march\000 Treball Ju`yter 000\Hackathons\imag_recognition\output\new_images\football goal\Image_26.jpg,235569,"(300, 512, 3)"
486,c:\Users\march\000 Treball Ju`yter 000\Hackathons\imag_recognition\output\new_images\football goal\Image_27.jpg,87406,"(720, 1280, 3)"
487,c:\Users\march\000 Treball Ju`yter 000\Hackathons\imag_recognition\output\new_images\football goal\Image_28.jpg,80564,"(845, 564, 3)"
488,c:\Users\march\000 Treball Ju`yter 000\Hackathons\imag_recognition\output\new_images\football goal\Image_29.jpg,464845,"(804, 870, 3)"
489,c:\Users\march\000 Treball Ju`yter 000\Hackathons\imag_recognition\output\new_images\football goal\Image_3.jpg,194143,"(956, 1300, 3)"
490,c:\Users\march\000 Treball Ju`yter 000\Hackathons\imag_recognition\output\new_images\football goal\Image_30.jpg,94583,"(636, 850, 3)"
491,c:\Users\march\000 Treball Ju`yter 000\Hackathons\imag_recognition\output\new_images\football goal\Image_31.jpg,67628,"(720, 1280, 3)"
492,c:\Users\march\000 Treball Ju`yter 000\Hackathons\imag_recognition\output\new_images\football goal\Image_32.jpg,640973,"(1553, 2700, 3)"
493,c:\Users\march\000 Treball Ju`yter 000\Hackathons\imag_recognition\output\new_images\football goal\Image_33.jpg,148219,"(480, 960, 3)"
494,c:\Users\march\000 Treball Ju`yter 000\Hackathons\imag_recognition\output\new_images\football goal\Image_34.jpg,240507,"(550, 1100, 3)"
495,c:\Users\march\000 Treball Ju`yter 000\Hackathons\imag_recognition\output\new_images\football goal\Image_35.jpg,126578,"(1030, 736, 3)"
496,c:\Users\march\000 Treball Ju`yter 000\Hackathons\imag_recognition\output\new_images\football goal\Image_37.jpg,105793,"(810, 1215, 3)"
497,c:\Users\march\000 Treball Ju`yter 000\Hackathons\imag_recognition\output\new_images\football goal\Image_38.jpg,90217,"(1040, 736, 3)"
498,c:\Users\march\000 Treball Ju`yter 000\Hackathons\imag_recognition\output\new_images\football goal\Image_39.jpg,305528,"(1000, 1500, 3)"
499,c:\Users\march\000 Treball Ju`yter 000\Hackathons\imag_recognition\output\new_images\football goal\Image_4.jpg,84704,"(600, 1200, 3)"
500,c:\Users\march\000 Treball Ju`yter 000\Hackathons\imag_recognition\output\new_images\football goal\Image_40.jpg,282937,"(1024, 682, 3)"
501,c:\Users\march\000 Treball Ju`yter 000\Hackathons\imag_recognition\output\new_images\football goal\Image_41.jpg,11018,"(360, 480, 3)"
502,c:\Users\march\000 Treball Ju`yter 000\Hackathons\imag_recognition\output\new_images\football goal\Image_42.jpg,75976,"(504, 768, 3)"
503,c:\Users\march\000 Treball Ju`yter 000\Hackathons\imag_recognition\output\new_images\football goal\Image_43.jpg,34258,"(216, 472, 3)"
504,c:\Users\march\000 Treball Ju`yter 000\Hackathons\imag_recognition\output\new_images\football goal\Image_44.jpg,250424,"(550, 550, 3)"
505,c:\Users\march\000 Treball Ju`yter 000\Hackathons\imag_recognition\output\new_images\football goal\Image_45.jpg,447271,"(682, 1000, 3)"
506,c:\Users\march\000 Treball Ju`yter 000\Hackathons\imag_recognition\output\new_images\football goal\Image_46.jpg,1177689,"(1000, 1500, 3)"
507,c:\Users\march\000 Treball Ju`yter 000\Hackathons\imag_recognition\output\new_images\football goal\Image_47.jpg,163297,"(1000, 677, 3)"
508,c:\Users\march\000 Treball Ju`yter 000\Hackathons\imag_recognition\output\new_images\football goal\Image_48.jpg,328279,"(1368, 1300, 3)"
509,c:\Users\march\000 Treball Ju`yter 000\Hackathons\imag_recognition\output\new_images\football goal\Image_49.jpg,83088,"(450, 750, 3)"
510,c:\Users\march\000 Treball Ju`yter 000\Hackathons\imag_recognition\output\new_images\football goal\Image_5.jpg,8206,"(360, 480, 3)"
511,c:\Users\march\000 Treball Ju`yter 000\Hackathons\imag_recognition\output\new_images\football goal\Image_50.jpg,84669,"(720, 1280, 3)"
512,c:\Users\march\000 Treball Ju`yter 000\Hackathons\imag_recognition\output\new_images\football goal\Image_6.jpg,712023,"(1920, 1080, 3)"
513,c:\Users\march\000 Treball Ju`yter 000\Hackathons\imag_recognition\output\new_images\football goal\Image_7.jpg,131497,"(392, 620, 3)"
514,c:\Users\march\000 Treball Ju`yter 000\Hackathons\imag_recognition\output\new_images\football goal\Image_8.jpg,7959,"(370, 575, 3)"
515,c:\Users\march\000 Treball Ju`yter 000\Hackathons\imag_recognition\output\new_images\football player\Image_1.jpg,396406,"(450, 600, 3)"
516,c:\Users\march\000 Treball Ju`yter 000\Hackathons\imag_recognition\output\new_images\football player\Image_11.jpg,180037,"(450, 600, 4)"
517,c:\Users\march\000 Treball Ju`yter 000\Hackathons\imag_recognition\output\new_images\football player\Image_12.jpg,170813,"(768, 521, 3)"
518,c:\Users\march\000 Treball Ju`yter 000\Hackathons\imag_recognition\output\new_images\football player\Image_14.jpg,25732,"(240, 320, 3)"
519,c:\Users\march\000 Treball Ju`yter 000\Hackathons\imag_recognition\output\new_images\football player\Image_15.jpg,37414,"(416, 748, 3)"
520,c:\Users\march\000 Treball Ju`yter 000\Hackathons\imag_recognition\output\new_images\football player\Image_17.jpg,30529,"(400, 300, 3)"
521,c:\Users\march\000 Treball Ju`yter 000\Hackathons\imag_recognition\output\new_images\football player\Image_18.jpg,40292,"(600, 442, 3)"
522,c:\Users\march\000 Treball Ju`yter 000\Hackathons\imag_recognition\output\new_images\football player\Image_19.jpg,466865,"(450, 600, 3)"
523,c:\Users\march\000 Treball Ju`yter 000\Hackathons\imag_recognition\output\new_images\football player\Image_2.jpg,24695,"(320, 240, 3)"
524,c:\Users\march\000 Treball Ju`yter 000\Hackathons\imag_recognition\output\new_images\football player\Image_20.jpg,93390,"(1000, 750, 3)"
525,c:\Users\march\000 Treball Ju`yter 000\Hackathons\imag_recognition\output\new_images\football player\Image_21.jpg,248099,"(1786, 1280, 3)"
526,c:\Users\march\000 Treball Ju`yter 000\Hackathons\imag_recognition\output\new_images\football player\Image_22.jpg,43837,"(550, 367, 3)"
527,c:\Users\march\000 Treball Ju`yter 000\Hackathons\imag_recognition\output\new_images\football player\Image_23.jpg,291189,"(450, 600, 3)"
528,c:\Users\march\000 Treball Ju`yter 000\Hackathons\imag_recognition\output\new_images\football player\Image_24.jpg,228510,"(853, 1280, 3)"
529,c:\Users\march\000 Treball Ju`yter 000\Hackathons\imag_recognition\output\new_images\football player\Image_25.jpg,169719,"(1300, 837, 3)"
530,c:\Users\march\000 Treball Ju`yter 000\Hackathons\imag_recognition\output\new_images\football player\Image_26.jpg,416981,"(450, 600, 3)"
531,c:\Users\march\000 Treball Ju`yter 000\Hackathons\imag_recognition\output\new_images\football player\Image_27.jpg,78219,"(800, 533, 3)"
532,c:\Users\march\000 Treball Ju`yter 000\Hackathons\imag_recognition\output\new_images\football player\Image_28.jpg,321851,"(450, 600, 3)"
533,c:\Users\march\000 Treball Ju`yter 000\Hackathons\imag_recognition\output\new_images\football player\Image_29.jpg,897461,"(1760, 2200, 3)"
534,c:\Users\march\000 Treball Ju`yter 000\Hackathons\imag_recognition\output\new_images\football player\Image_3.jpg,319743,"(853, 1280, 3)"
535,c:\Users\march\000 Treball Ju`yter 000\Hackathons\imag_recognition\output\new_images\football player\Image_30.jpg,16636,"(360, 480, 3)"
536,c:\Users\march\000 Treball Ju`yter 000\Hackathons\imag_recognition\output\new_images\football player\Image_31.jpg,477262,"(1920, 1280, 3)"
537,c:\Users\march\000 Treball Ju`yter 000\Hackathons\imag_recognition\output\new_images\football player\Image_32.jpg,165665,"(1253, 940, 3)"
538,c:\Users\march\000 Treball Ju`yter 000\Hackathons\imag_recognition\output\new_images\football player\Image_33.jpg,126698,"(661, 472, 3)"
539,c:\Users\march\000 Treball Ju`yter 000\Hackathons\imag_recognition\output\new_images\football player\Image_34.jpg,377889,"(1125, 1500, 3)"
540,c:\Users\march\000 Treball Ju`yter 000\Hackathons\imag_recognition\output\new_images\football player\Image_35.jpg,463619,"(450, 600, 4)"
541,c:\Users\march\000 Treball Ju`yter 000\Hackathons\imag_recognition\output\new_images\football player\Image_36.jpg,341433,"(450, 600, 3)"
542,c:\Users\march\000 Treball Ju`yter 000\Hackathons\imag_recognition\output\new_images\football player\Image_37.jpg,370690,"(450, 600, 3)"
543,c:\Users\march\000 Treball Ju`yter 000\Hackathons\imag_recognition\output\new_images\football player\Image_38.jpg,388204,"(1024, 683, 3)"
544,c:\Users\march\000 Treball Ju`yter 000\Hackathons\imag_recognition\output\new_images\football player\Image_39.jpg,460565,"(450, 600, 3)"
545,c:\Users\march\000 Treball Ju`yter 000\Hackathons\imag_recognition\output\new_images\football player\Image_4.jpg,30154,"(354, 630, 3)"
546,c:\Users\march\000 Treball Ju`yter 000\Hackathons\imag_recognition\output\new_images\football player\Image_40.jpg,102312,"(480, 640, 3)"
547,c:\Users\march\000 Treball Ju`yter 000\Hackathons\imag_recognition\output\new_images\football player\Image_41.jpg,141747,"(800, 478, 3)"
548,c:\Users\march\000 Treball Ju`yter 000\Hackathons\imag_recognition\output\new_images\football player\Image_42.jpg,228785,"(1104, 736, 3)"
549,c:\Users\march\000 Treball Ju`yter 000\Hackathons\imag_recognition\output\new_images\football player\Image_43.jpg,441792,"(450, 600, 3)"
550,c:\Users\march\000 Treball Ju`yter 000\Hackathons\imag_recognition\output\new_images\football player\Image_44.jpg,94721,"(659, 990, 3)"
551,c:\Users\march\000 Treball Ju`yter 000\Hackathons\imag_recognition\output\new_images\football player\Image_45.jpg,1083942,"(3840, 2160, 3)"
552,c:\Users\march\000 Treball Ju`yter 000\Hackathons\imag_recognition\output\new_images\football player\Image_46.jpg,115745,"(1136, 795, 3)"
553,c:\Users\march\000 Treball Ju`yter 000\Hackathons\imag_recognition\output\new_images\football player\Image_47.jpg,124204,"(480, 640, 3)"
554,c:\Users\march\000 Treball Ju`yter 000\Hackathons\imag_recognition\output\new_images\football player\Image_48.jpg,92832,"(681, 540, 3)"
555,c:\Users\march\000 Treball Ju`yter 000\Hackathons\imag_recognition\output\new_images\football player\Image_49.jpg,490162,"(1286, 960, 3)"
556,c:\Users\march\000 Treball Ju`yter 000\Hackathons\imag_recognition\output\new_images\football player\Image_5.jpg,433400,"(450, 600, 3)"
557,c:\Users\march\000 Treball Ju`yter 000\Hackathons\imag_recognition\output\new_images\football player\Image_50.jpg,51261,"(628, 1200, 3)"
558,c:\Users\march\000 Treball Ju`yter 000\Hackathons\imag_recognition\output\new_images\football player\Image_6.jpg,14332,"(300, 533, 3)"
559,c:\Users\march\000 Treball Ju`yter 000\Hackathons\imag_recognition\output\new_images\football player\Image_7.jpg,450410,"(2208, 1242, 3)"
560,c:\Users\march\000 Treball Ju`yter 000\Hackathons\imag_recognition\output\new_images\football player\Image_8.jpg,175782,"(1280, 720, 3)"
561,c:\Users\march\000 Treball Ju`yter 000\Hackathons\imag_recognition\output\new_images\football player\Image_9.jpg,48900,"(400, 239, 3)"
